Soil_Color,Crop,Pest,Nitrogen_Level,Phosphorus_Level,Potassium_Level,Fertilizer,Pesticide
3,0,0,62,95,50,Organic,Insecticides
0,2,1,67,60,73,Urea,Herbicides
0,3,1,27,54,19,NPK,Herbicides
3,0,1,82,54,63,Urea,Herbicides
4,1,1,75,45,62,Compost,Herbicides
0,0,1,61,97,47,Compost,Herbicides
0,3,1,93,54,11,Organic,Herbicides
3,0,0,94,15,9,Organic,Insecticides
4,2,0,77,34,45,Organic,Insecticides
1,2,2,52,28,29,Urea,Fungicides
3,4,2,57,24,68,Compost,Fungicides
0,2,1,4,56,56,NPK,Herbicides
2,4,0,38,89,99,NPK,Insecticides
2,1,1,73,94,90,Compost,Herbicides
0,2,2,58,5,65,Compost,Fungicides
3,1,1,22,32,58,Compost,Herbicides
3,3,2,59,16,95,Organic,Fungicides
1,3,2,52,13,85,NPK,Fungicides
3,4,1,10,54,19,Compost,Herbicides
1,1,1,96,42,10,Compost,Herbicides
1,0,2,83,72,87,NPK,Fungicides
3,4,0,66,33,85,Organic,Insecticides
3,4,0,4,95,41,Compost,Insecticides
3,1,0,13,84,75,NPK,Insecticides
4,2,2,77,47,50,Organic,Fungicides
2,1,1,13,30,22,Organic,Herbicides
4,3,0,65,24,8,Compost,Insecticides
4,2,1,26,84,63,Compost,Herbicides
2,2,1,54,33,79,NPK,Herbicides
0,0,0,26,19,44,NPK,Insecticides
1,0,0,84,13,48,Organic,Insecticides
4,2,2,45,30,66,Organic,Fungicides
2,1,0,76,86,71,Organic,Insecticides
2,2,2,69,83,64,Organic,Fungicides
4,2,1,52,39,61,NPK,Herbicides
2,2,2,22,78,20,Compost,Fungicides
4,3,2,93,64,3,Organic,Fungicides
0,1,0,5,80,41,Organic,Insecticides
4,1,1,67,45,41,Urea,Herbicides
2,3,0,48,49,17,NPK,Insecticides
3,1,1,21,69,31,Compost,Herbicides
0,3,2,42,94,24,Urea,Fungicides
0,3,0,65,96,38,Organic,Insecticides
2,2,0,66,45,93,Compost,Insecticides
4,1,1,17,76,70,Urea,Herbicides
4,0,1,30,53,62,NPK,Herbicides
4,3,1,65,20,76,Compost,Herbicides
4,1,0,99,6,63,Urea,Insecticides
3,1,2,91,37,90,NPK,Fungicides
3,0,1,83,71,59,Urea,Herbicides
4,3,0,98,92,32,Organic,Insecticides
1,2,1,22,91,94,Organic,Herbicides
4,3,1,51,64,57,Compost,Herbicides
4,2,0,66,3,84,Organic,Insecticides
2,0,2,84,38,75,NPK,Fungicides
0,2,0,35,92,98,Compost,Insecticides
0,4,1,48,48,95,Compost,Herbicides
4,0,1,43,17,85,Urea,Herbicides
3,4,0,84,16,88,NPK,Insecticides
2,3,2,51,82,81,Organic,Fungicides
3,1,1,25,66,83,Organic,Herbicides
0,3,1,92,78,16,Urea,Herbicides
4,0,2,32,19,41,Compost,Fungicides
0,4,0,94,78,25,Organic,Insecticides
1,4,2,24,62,10,Compost,Fungicides
0,1,1,63,15,50,Compost,Herbicides
0,4,1,21,60,65,Compost,Herbicides
4,0,0,11,9,6,NPK,Insecticides
3,3,0,39,16,50,Compost,Insecticides
4,2,2,66,5,65,Urea,Fungicides
4,1,1,89,69,81,Urea,Herbicides
2,2,0,16,66,74,NPK,Insecticides
2,4,1,3,7,15,Urea,Herbicides
4,3,0,35,75,33,Organic,Insecticides
0,3,2,27,64,36,Urea,Fungicides
2,0,1,33,73,35,Compost,Herbicides
3,0,1,61,15,11,Organic,Herbicides
3,3,1,45,85,22,Urea,Herbicides
0,2,1,74,8,70,Organic,Herbicides
3,2,1,16,76,50,Urea,Herbicides
3,1,0,80,44,3,Urea,Insecticides
2,2,1,66,26,1,NPK,Herbicides
4,4,1,74,6,98,Organic,Herbicides
1,1,0,52,48,77,Urea,Insecticides
2,0,2,17,66,41,Compost,Fungicides
1,0,1,40,54,23,Organic,Herbicides
3,4,0,92,31,27,Compost,Insecticides
2,3,2,5,38,43,Urea,Fungicides
1,2,2,82,66,72,Compost,Fungicides
2,4,2,81,30,3,NPK,Fungicides
3,0,1,56,67,22,Urea,Herbicides
2,2,1,43,26,6,Urea,Herbicides
4,3,1,23,24,72,Organic,Herbicides
1,2,2,96,86,29,Urea,Fungicides
2,3,2,87,89,96,NPK,Fungicides
3,4,0,4,57,58,Organic,Insecticides
2,3,1,34,70,29,NPK,Herbicides
2,0,0,7,62,52,Urea,Insecticides
0,4,0,50,16,3,NPK,Insecticides
1,3,1,84,24,39,NPK,Herbicides
2,4,1,53,58,80,Compost,Herbicides
1,4,0,8,62,35,NPK,Insecticides
3,1,0,19,39,10,Organic,Insecticides
4,2,2,55,2,65,Urea,Fungicides
2,0,0,2,51,95,Organic,Insecticides
0,1,0,12,72,37,Organic,Insecticides
2,2,0,40,20,43,Organic,Insecticides
3,2,1,34,96,15,Organic,Herbicides
1,3,0,15,55,21,Compost,Insecticides
2,0,2,64,77,9,Urea,Fungicides
1,2,1,51,74,87,NPK,Herbicides
1,3,1,71,11,26,Organic,Herbicides
0,0,1,26,81,87,Organic,Herbicides
2,3,2,61,36,92,Urea,Fungicides
3,4,2,37,72,35,Organic,Fungicides
1,1,0,53,50,93,Urea,Insecticides
2,1,0,54,71,56,Compost,Insecticides
0,2,2,85,5,60,NPK,Fungicides
3,2,2,60,73,19,NPK,Fungicides
2,2,0,24,70,20,Urea,Insecticides
0,2,1,33,14,86,Compost,Herbicides
3,2,1,11,10,77,Urea,Herbicides
2,3,1,19,6,33,Organic,Herbicides
2,4,1,3,56,95,Urea,Herbicides
0,0,0,50,33,69,Organic,Insecticides
3,2,0,42,92,97,NPK,Insecticides
2,4,2,77,47,4,Organic,Fungicides
1,4,1,25,71,28,NPK,Herbicides
1,2,2,26,34,71,Urea,Fungicides
3,0,2,59,30,41,NPK,Fungicides
1,0,0,13,75,9,Compost,Insecticides
0,1,1,21,12,4,Organic,Herbicides
0,0,1,17,84,44,Urea,Herbicides
2,1,1,75,1,19,Compost,Herbicides
0,2,2,76,0,81,Urea,Fungicides
4,2,2,48,22,79,NPK,Fungicides
2,1,0,30,75,78,Compost,Insecticides
3,2,0,1,42,70,NPK,Insecticides
4,0,0,35,87,83,Urea,Insecticides
3,0,2,17,50,17,NPK,Fungicides
2,4,2,26,45,58,NPK,Fungicides
0,0,0,11,58,66,NPK,Insecticides
1,1,2,53,85,4,Compost,Fungicides
3,3,2,61,42,72,Urea,Fungicides
1,1,2,12,59,22,Compost,Fungicides
0,1,2,56,43,12,NPK,Fungicides
4,2,0,15,38,5,Urea,Insecticides
0,3,0,73,47,48,Urea,Insecticides
2,2,1,10,11,96,NPK,Herbicides
0,2,2,5,3,63,NPK,Fungicides
2,2,0,22,63,2,Organic,Insecticides
1,4,2,11,63,86,Urea,Fungicides
4,3,2,25,26,16,Organic,Fungicides
2,1,1,78,16,31,NPK,Herbicides
0,3,1,25,63,75,Organic,Herbicides
1,1,1,93,23,84,NPK,Herbicides
2,2,1,9,29,82,Compost,Herbicides
1,0,0,67,60,3,NPK,Insecticides
0,0,0,8,86,16,Urea,Insecticides
2,3,1,42,60,20,NPK,Herbicides
3,2,2,88,91,0,Compost,Fungicides
3,2,1,27,85,98,Compost,Herbicides
1,4,0,93,7,60,NPK,Insecticides
0,4,1,13,74,41,NPK,Herbicides
0,2,2,79,43,90,Urea,Fungicides
0,3,0,0,58,33,Organic,Insecticides
1,3,2,57,94,45,Urea,Fungicides
3,0,2,11,17,53,Urea,Fungicides
0,0,2,26,43,49,Urea,Fungicides
0,1,0,67,31,99,NPK,Insecticides
3,3,2,9,56,13,NPK,Fungicides
1,4,0,1,52,88,Compost,Insecticides
2,2,2,91,69,84,Compost,Fungicides
3,0,1,41,97,26,Compost,Herbicides
0,3,2,40,13,78,NPK,Fungicides
0,4,2,9,42,85,Organic,Fungicides
2,3,0,5,51,6,Urea,Insecticides
3,2,0,71,66,61,NPK,Insecticides
1,1,1,20,77,82,Compost,Herbicides
2,0,2,69,42,7,Organic,Fungicides
3,4,0,80,76,83,Compost,Insecticides
0,4,1,18,12,28,Organic,Herbicides
4,0,0,26,7,43,NPK,Insecticides
0,2,1,43,32,30,Urea,Herbicides
2,3,2,76,65,36,NPK,Fungicides
2,4,2,12,38,62,Urea,Fungicides
0,4,2,15,85,9,NPK,Fungicides
3,4,0,22,91,57,Organic,Insecticides
2,3,2,53,9,59,Urea,Fungicides
1,3,2,92,60,77,NPK,Fungicides
3,4,2,54,27,34,Compost,Fungicides
0,1,1,76,97,28,Organic,Herbicides
4,3,1,4,41,99,Compost,Herbicides
3,2,1,4,61,96,Organic,Herbicides
2,2,0,74,50,15,Urea,Insecticides
1,1,2,44,6,48,Compost,Fungicides
4,2,1,12,36,68,Urea,Herbicides
4,0,1,40,45,20,NPK,Herbicides
2,1,2,86,63,62,Compost,Fungicides
0,2,2,0,13,36,Organic,Fungicides
3,2,2,60,98,37,Urea,Fungicides
3,0,2,97,82,79,Urea,Fungicides
0,4,0,37,9,50,Organic,Insecticides
1,1,0,74,57,43,Urea,Insecticides
1,3,1,28,77,68,Organic,Herbicides
1,2,1,47,86,24,Organic,Herbicides
2,2,0,11,9,28,Compost,Insecticides
4,1,0,8,25,81,Organic,Insecticides
3,1,0,62,97,27,Organic,Insecticides
3,2,1,74,42,57,NPK,Herbicides
0,1,1,42,67,25,Urea,Herbicides
1,1,0,26,78,26,NPK,Insecticides
2,3,0,35,28,77,Organic,Insecticides
3,2,2,58,38,92,Compost,Fungicides
4,1,0,16,65,44,Organic,Insecticides
0,4,0,83,38,70,Compost,Insecticides
4,1,1,16,5,82,Organic,Herbicides
3,0,2,31,98,80,Organic,Fungicides
0,0,0,15,13,85,Urea,Insecticides
2,3,2,27,97,56,Urea,Fungicides
2,4,1,3,60,98,Urea,Herbicides
3,1,1,61,9,2,Urea,Herbicides
2,0,1,12,53,51,Urea,Herbicides
4,2,1,65,69,99,Organic,Herbicides
4,4,0,17,98,73,NPK,Insecticides
0,2,0,52,42,3,Organic,Insecticides
0,4,2,76,22,76,Urea,Fungicides
1,2,1,32,84,96,Urea,Herbicides
3,3,0,95,40,18,Organic,Insecticides
1,3,2,43,20,93,Urea,Fungicides
4,3,1,32,48,61,Compost,Herbicides
0,2,2,73,67,19,Urea,Fungicides
2,1,1,68,38,82,NPK,Herbicides
0,2,1,64,98,62,Urea,Herbicides
0,3,1,17,59,34,Urea,Herbicides
1,4,2,0,65,51,Organic,Fungicides
4,0,1,96,26,8,Compost,Herbicides
2,1,0,95,1,10,NPK,Insecticides
0,4,0,42,91,79,Urea,Insecticides
4,2,0,31,22,35,Urea,Insecticides
4,3,1,2,8,98,Compost,Herbicides
1,2,2,16,40,34,NPK,Fungicides
1,0,0,11,86,18,Compost,Insecticides
3,1,1,81,7,21,Urea,Herbicides
2,1,0,25,81,69,NPK,Insecticides
1,2,2,9,86,74,Urea,Fungicides
2,2,1,86,45,80,NPK,Herbicides
4,0,2,94,56,16,Organic,Fungicides
2,3,0,70,11,22,Compost,Insecticides
2,3,1,1,16,12,Organic,Herbicides
4,1,2,44,48,84,Urea,Fungicides
0,1,2,94,19,8,Organic,Fungicides
3,2,0,91,3,61,NPK,Insecticides
4,1,0,1,61,86,Compost,Insecticides
4,0,2,67,37,24,Compost,Fungicides
1,1,1,86,91,8,Compost,Herbicides
2,0,0,71,91,6,Urea,Insecticides
1,2,1,45,36,41,NPK,Herbicides
0,0,2,28,42,94,NPK,Fungicides
0,1,0,63,45,88,Organic,Insecticides
2,4,2,94,19,7,Urea,Fungicides
1,2,1,30,24,4,NPK,Herbicides
2,2,2,35,58,27,Urea,Fungicides
3,3,2,23,6,77,NPK,Fungicides
3,1,2,45,90,14,NPK,Fungicides
1,4,0,69,68,12,Organic,Insecticides
0,4,2,11,43,19,Urea,Fungicides
1,0,0,73,19,50,Organic,Insecticides
4,0,0,61,78,33,Urea,Insecticides
1,0,1,11,16,22,Compost,Herbicides
2,1,1,73,94,44,Urea,Herbicides
4,2,0,67,93,25,Compost,Insecticides
4,2,2,62,10,58,Compost,Fungicides
2,3,1,7,14,61,NPK,Herbicides
3,0,1,21,78,95,Compost,Herbicides
2,2,1,71,68,93,Compost,Herbicides
2,1,2,97,68,90,Organic,Fungicides
2,2,1,82,42,68,Urea,Herbicides
0,4,1,59,51,11,NPK,Herbicides
3,0,1,4,59,56,Organic,Herbicides
4,2,0,72,53,45,Organic,Insecticides
2,4,2,16,20,39,Organic,Fungicides
2,0,1,15,23,56,Organic,Herbicides
2,1,0,4,81,55,Urea,Insecticides
0,1,2,90,71,11,NPK,Fungicides
2,0,2,75,40,98,Urea,Fungicides
3,3,1,75,80,56,NPK,Herbicides
1,4,1,79,81,91,Organic,Herbicides
4,2,2,21,48,74,Organic,Fungicides
2,0,1,98,16,1,NPK,Herbicides
2,2,1,0,73,53,Compost,Herbicides
1,2,2,89,34,72,Compost,Fungicides
4,3,0,59,72,45,Urea,Insecticides
0,1,0,43,55,18,Urea,Insecticides
3,2,1,18,96,88,Organic,Herbicides
4,2,0,83,35,80,Organic,Insecticides
2,1,0,11,94,21,NPK,Insecticides
1,1,0,93,1,72,Urea,Insecticides
2,3,2,55,64,51,Compost,Fungicides
1,0,0,36,91,68,Organic,Insecticides
0,0,2,99,76,77,NPK,Fungicides
2,4,2,86,48,3,Compost,Fungicides
1,3,1,90,22,71,Organic,Herbicides
4,4,2,53,52,29,Compost,Fungicides
2,3,1,55,52,19,Organic,Herbicides
1,3,1,73,49,95,NPK,Herbicides
0,1,2,95,10,2,Organic,Fungicides
2,4,0,56,17,67,Urea,Insecticides
4,1,0,26,95,25,Urea,Insecticides
0,3,2,45,93,72,Organic,Fungicides
1,1,2,31,28,39,NPK,Fungicides
0,1,0,34,20,16,Urea,Insecticides
1,2,1,45,34,77,Compost,Herbicides
3,0,1,31,99,78,Compost,Herbicides
0,1,0,63,54,74,Urea,Insecticides
4,3,2,47,89,75,Compost,Fungicides
2,3,0,57,36,2,NPK,Insecticides
0,2,0,64,22,99,NPK,Insecticides
1,1,2,43,42,46,Urea,Fungicides
4,0,0,21,23,32,Organic,Insecticides
0,4,1,41,14,94,Compost,Herbicides
0,3,1,68,63,55,Urea,Herbicides
1,4,0,3,90,59,Urea,Insecticides
0,2,2,24,10,80,Urea,Fungicides
0,4,1,32,82,10,NPK,Herbicides
3,3,2,45,15,0,Urea,Fungicides
3,0,1,5,72,26,Urea,Herbicides
3,0,2,56,76,62,Urea,Fungicides
2,3,1,40,31,72,Urea,Herbicides
4,0,0,86,66,5,Urea,Insecticides
3,0,2,86,71,33,Organic,Fungicides
3,3,1,65,62,75,Compost,Herbicides
2,1,1,19,21,22,Urea,Herbicides
4,1,2,13,95,98,Organic,Fungicides
0,3,1,90,26,59,Urea,Herbicides
0,3,2,13,54,75,Compost,Fungicides
2,4,2,23,76,7,Organic,Fungicides
0,4,2,62,95,42,Organic,Fungicides
1,1,2,63,20,5,NPK,Fungicides
3,2,0,17,97,83,Compost,Insecticides
4,1,2,78,32,85,Organic,Fungicides
2,2,0,21,27,70,Urea,Insecticides
4,0,2,63,9,5,NPK,Fungicides
2,4,1,1,32,54,Urea,Herbicides
0,0,2,44,72,5,Compost,Fungicides
4,4,0,92,63,61,NPK,Insecticides
3,2,0,41,55,62,NPK,Insecticides
2,2,1,6,34,94,NPK,Herbicides
0,2,2,92,6,21,NPK,Fungicides
2,3,0,94,55,40,NPK,Insecticides
0,4,2,2,38,51,NPK,Fungicides
4,0,0,68,13,20,Compost,Insecticides
4,1,1,43,66,97,Compost,Herbicides
2,0,0,10,10,27,NPK,Insecticides
0,4,1,91,43,45,Compost,Herbicides
1,2,2,85,15,3,Organic,Fungicides
2,1,0,83,94,38,Compost,Insecticides
0,4,0,51,80,38,Organic,Insecticides
0,0,0,47,0,18,Organic,Insecticides
4,4,1,33,99,7,Urea,Herbicides
1,1,1,42,5,86,Compost,Herbicides
0,2,0,20,3,33,Urea,Insecticides
3,0,2,97,54,76,NPK,Fungicides
0,4,0,9,77,92,Compost,Insecticides
2,2,0,39,67,79,NPK,Insecticides
2,4,0,73,43,79,NPK,Insecticides
1,3,2,97,93,96,Compost,Fungicides
1,0,1,15,98,20,Urea,Herbicides
3,2,2,78,59,7,NPK,Fungicides
3,3,2,31,14,21,Organic,Fungicides
4,2,1,28,46,53,Compost,Herbicides
4,0,0,84,85,62,Urea,Insecticides
4,3,1,95,47,54,NPK,Herbicides
2,1,0,53,92,84,NPK,Insecticides
2,0,1,46,72,69,NPK,Herbicides
2,1,2,94,3,23,Organic,Fungicides
0,2,2,82,43,46,Urea,Fungicides
3,1,1,49,16,28,NPK,Herbicides
1,2,1,31,47,97,NPK,Herbicides
2,3,0,62,52,75,Urea,Insecticides
0,0,0,91,15,39,Compost,Insecticides
3,1,0,82,50,17,Compost,Insecticides
3,4,2,74,65,97,NPK,Fungicides
4,2,0,18,70,78,Urea,Insecticides
1,4,0,93,71,59,NPK,Insecticides
3,2,2,22,25,77,NPK,Fungicides
3,0,2,5,9,16,Organic,Fungicides
1,3,1,50,78,78,Organic,Herbicides
0,2,1,1,89,86,NPK,Herbicides
0,3,1,40,9,65,Urea,Herbicides
2,3,0,80,57,71,Organic,Insecticides
4,1,2,30,21,26,Compost,Fungicides
0,3,2,10,64,39,Organic,Fungicides
1,2,1,1,25,29,Compost,Herbicides
1,0,2,86,50,39,Organic,Fungicides
2,0,0,16,96,65,Organic,Insecticides
3,3,0,34,79,60,Organic,Insecticides
1,3,0,95,44,74,Compost,Insecticides
4,4,1,36,8,34,NPK,Herbicides
3,2,2,64,62,82,Urea,Fungicides
1,0,1,94,5,10,Compost,Herbicides
1,2,2,87,56,71,Compost,Fungicides
0,2,1,9,90,75,Compost,Herbicides
0,3,0,34,56,0,NPK,Insecticides
2,0,0,49,12,90,Organic,Insecticides
0,1,1,7,94,66,Compost,Herbicides
2,2,1,42,21,57,Organic,Herbicides
1,0,1,77,98,37,Compost,Herbicides
2,1,1,56,43,19,Compost,Herbicides
0,1,1,55,51,64,Urea,Herbicides
1,0,2,97,18,76,Urea,Fungicides
3,4,2,28,88,55,Urea,Fungicides
4,3,1,56,40,84,NPK,Herbicides
2,4,0,40,67,50,Organic,Insecticides
3,3,0,84,67,58,NPK,Insecticides
3,2,2,40,82,70,Compost,Fungicides
4,4,1,79,16,71,Organic,Herbicides
1,0,0,24,52,5,Compost,Insecticides
1,0,1,29,65,80,NPK,Herbicides
3,2,0,10,11,72,NPK,Insecticides
0,1,2,78,85,86,Compost,Fungicides
2,0,0,61,57,13,Urea,Insecticides
1,3,0,57,68,24,NPK,Insecticides
1,4,1,80,13,9,NPK,Herbicides
0,2,1,50,64,48,Urea,Herbicides
1,3,0,46,27,63,NPK,Insecticides
0,3,2,81,28,35,Organic,Fungicides
3,1,1,8,47,72,Organic,Herbicides
1,2,0,9,2,92,Compost,Insecticides
0,4,1,32,7,86,Urea,Herbicides
2,4,1,72,19,13,Urea,Herbicides
3,4,0,50,30,74,Compost,Insecticides
4,2,2,94,95,16,NPK,Fungicides
2,3,0,78,53,47,Organic,Insecticides
1,1,0,45,26,94,NPK,Insecticides
0,1,2,64,29,85,Compost,Fungicides
4,1,1,58,86,74,NPK,Herbicides
4,2,2,80,80,53,Compost,Fungicides
1,3,0,33,5,52,NPK,Insecticides
0,1,0,35,58,95,NPK,Insecticides
2,3,1,17,92,52,Urea,Herbicides
1,2,0,47,41,25,NPK,Insecticides
4,3,0,0,38,15,Organic,Insecticides
1,2,2,75,67,85,Organic,Fungicides
2,2,1,88,38,21,NPK,Herbicides
3,4,1,31,9,1,NPK,Herbicides
4,1,1,98,16,74,NPK,Herbicides
0,3,0,89,95,36,Organic,Insecticides
2,4,2,63,47,52,Organic,Fungicides
3,1,2,86,40,48,Urea,Fungicides
1,1,0,22,38,63,Urea,Insecticides
4,3,0,86,3,0,Organic,Insecticides
2,1,1,61,29,68,NPK,Herbicides
3,4,1,52,15,22,NPK,Herbicides
3,2,0,30,4,85,Organic,Insecticides
0,3,2,67,64,65,Organic,Fungicides
0,1,1,95,64,40,Compost,Herbicides
0,0,0,49,62,70,Organic,Insecticides
1,1,1,32,54,39,Compost,Herbicides
3,2,0,94,78,79,Compost,Insecticides
4,4,0,28,91,72,NPK,Insecticides
4,4,2,31,17,82,NPK,Fungicides
0,3,2,78,26,78,Urea,Fungicides
1,3,0,59,87,25,Urea,Insecticides
0,0,0,65,32,52,Urea,Insecticides
2,0,0,71,75,48,Compost,Insecticides
3,1,1,68,6,59,Urea,Herbicides
3,4,1,36,59,79,Organic,Herbicides
0,2,2,59,63,38,NPK,Fungicides
3,1,0,63,92,96,Organic,Insecticides
4,0,1,23,23,33,Compost,Herbicides
0,2,2,29,60,14,Urea,Fungicides
3,2,1,50,3,78,NPK,Herbicides
2,2,2,98,14,21,NPK,Fungicides
0,3,2,2,33,15,NPK,Fungicides
1,3,0,75,34,68,Organic,Insecticides
3,1,1,66,92,79,Organic,Herbicides
3,4,1,70,71,29,NPK,Herbicides
2,1,0,24,69,55,Organic,Insecticides
1,1,1,78,68,17,Compost,Herbicides
0,3,2,47,89,80,NPK,Fungicides
4,4,1,86,41,96,Urea,Herbicides
3,2,1,48,23,33,Organic,Herbicides
3,4,0,47,59,62,Compost,Insecticides
2,2,1,82,25,49,Organic,Herbicides
3,3,1,67,50,60,NPK,Herbicides
4,1,0,38,77,48,Organic,Insecticides
3,3,0,92,43,82,Urea,Insecticides
1,2,1,29,75,49,Organic,Herbicides
1,3,1,2,17,91,Urea,Herbicides
2,4,1,24,26,15,Compost,Herbicides
4,1,0,2,65,56,NPK,Insecticides
1,4,1,45,83,12,Compost,Herbicides
1,3,1,16,73,42,Urea,Herbicides
1,4,2,69,18,72,Organic,Fungicides
4,3,2,46,9,8,NPK,Fungicides
0,3,1,54,63,54,Compost,Herbicides
1,4,0,94,38,82,NPK,Insecticides
1,0,2,62,75,84,NPK,Fungicides
2,1,2,32,67,86,Compost,Fungicides
1,4,1,30,5,12,Compost,Herbicides
4,3,1,23,47,95,Compost,Herbicides
1,3,0,29,21,34,Compost,Insecticides
0,0,0,32,26,77,Organic,Insecticides
3,4,1,36,63,69,Compost,Herbicides
2,3,0,75,18,73,Organic,Insecticides
0,4,0,32,6,95,Organic,Insecticides
0,2,0,45,46,59,Organic,Insecticides
0,3,0,60,69,1,Compost,Insecticides
0,4,2,55,71,75,Compost,Fungicides
4,2,2,25,31,73,NPK,Fungicides
2,0,2,48,62,45,Compost,Fungicides
2,3,0,63,15,3,Compost,Insecticides
1,3,0,34,41,76,Compost,Insecticides
4,0,2,29,23,70,NPK,Fungicides
0,0,2,60,96,3,Urea,Fungicides
4,2,1,82,60,99,Compost,Herbicides
2,2,1,27,53,3,Urea,Herbicides
1,0,0,2,70,58,Compost,Insecticides
3,3,2,56,33,98,Compost,Fungicides
3,0,2,33,74,3,Compost,Fungicides
4,0,0,25,3,73,NPK,Insecticides
0,2,2,91,26,53,Compost,Fungicides
4,2,1,10,7,45,Urea,Herbicides
1,2,0,11,12,73,Urea,Insecticides
4,1,0,23,21,62,NPK,Insecticides
2,2,2,62,67,65,Organic,Fungicides
3,0,1,1,19,61,Organic,Herbicides
0,2,2,80,30,61,Organic,Fungicides
3,4,1,92,61,43,NPK,Herbicides
1,3,0,24,12,16,Urea,Insecticides
2,4,2,61,25,17,Compost,Fungicides
3,0,1,11,67,94,Compost,Herbicides
2,0,1,55,93,7,Compost,Herbicides
4,2,1,74,26,80,NPK,Herbicides
2,1,1,41,14,48,Urea,Herbicides
0,4,1,3,95,76,Compost,Herbicides
0,2,2,41,36,31,Urea,Fungicides
2,0,1,79,97,23,Compost,Herbicides
2,3,1,10,98,35,Urea,Herbicides
3,3,0,43,81,41,Compost,Insecticides
0,3,2,98,25,25,Organic,Fungicides
2,2,0,98,71,72,NPK,Insecticides
3,4,0,78,36,31,NPK,Insecticides
2,2,2,76,15,87,NPK,Fungicides
2,2,2,39,53,31,NPK,Fungicides
1,3,2,96,78,1,Compost,Fungicides
4,3,0,48,3,7,Urea,Insecticides
4,0,2,81,12,90,Urea,Fungicides
1,0,0,10,11,4,Organic,Insecticides
0,1,0,86,38,15,Organic,Insecticides
1,2,1,53,45,77,Compost,Herbicides
4,2,0,73,17,53,Organic,Insecticides
0,0,2,48,82,55,Compost,Fungicides
1,4,0,84,62,25,Urea,Insecticides
3,1,0,87,46,22,Urea,Insecticides
2,1,2,29,20,44,Urea,Fungicides
3,0,2,94,64,47,NPK,Fungicides
2,3,1,76,45,31,Urea,Herbicides
0,3,2,45,32,13,Compost,Fungicides
2,2,0,30,31,20,Compost,Insecticides
2,3,1,7,7,69,Compost,Herbicides
4,0,2,48,96,17,Compost,Fungicides
1,2,1,51,57,62,Organic,Herbicides
4,3,0,50,55,0,Urea,Insecticides
2,2,1,5,96,37,NPK,Herbicides
1,0,2,87,23,79,Urea,Fungicides
4,1,1,70,71,65,Compost,Herbicides
4,3,1,7,34,5,NPK,Herbicides
2,3,0,10,1,89,Organic,Insecticides
1,0,1,64,61,60,Organic,Herbicides
0,3,0,7,46,66,Organic,Insecticides
1,2,2,96,12,10,Urea,Fungicides
0,0,0,27,2,40,NPK,Insecticides
2,3,2,36,94,63,Compost,Fungicides
3,3,2,86,26,29,NPK,Fungicides
1,4,1,37,28,90,Organic,Herbicides
1,2,0,8,28,9,Organic,Insecticides
4,3,0,66,35,27,NPK,Insecticides
0,0,2,7,82,3,Organic,Fungicides
1,1,0,62,62,49,NPK,Insecticides
1,0,2,34,22,14,Urea,Fungicides
4,4,2,65,17,82,Organic,Fungicides
3,3,0,51,81,10,Urea,Insecticides
0,4,1,64,97,67,Compost,Herbicides
3,3,1,96,46,92,Urea,Herbicides
4,0,2,34,33,76,Compost,Fungicides
1,0,2,93,63,17,Compost,Fungicides
3,2,2,83,83,60,Urea,Fungicides
2,2,0,12,22,92,Organic,Insecticides
1,3,1,80,55,39,Organic,Herbicides
1,3,1,70,40,17,Urea,Herbicides
1,0,2,45,72,93,NPK,Fungicides
3,4,2,66,8,3,NPK,Fungicides
3,0,2,76,98,61,Urea,Fungicides
3,3,2,99,92,97,Urea,Fungicides
2,4,1,97,98,97,NPK,Herbicides
3,1,0,62,0,97,Compost,Insecticides
1,2,0,37,74,45,NPK,Insecticides
1,2,2,3,21,20,NPK,Fungicides
2,1,2,96,39,0,Compost,Fungicides
3,2,0,35,99,34,Urea,Insecticides
2,3,2,44,21,13,NPK,Fungicides
4,1,0,42,33,41,Compost,Insecticides
2,1,0,44,47,1,Compost,Insecticides
0,1,1,29,42,21,Urea,Herbicides
0,4,2,45,58,16,Compost,Fungicides
1,1,1,75,39,18,Compost,Herbicides
3,0,1,1,28,57,Compost,Herbicides
3,1,1,42,26,95,Urea,Herbicides
3,1,1,16,33,28,Organic,Herbicides
3,1,2,63,12,86,Compost,Fungicides
1,4,1,83,32,15,Organic,Herbicides
0,3,2,4,54,77,NPK,Fungicides
2,2,2,86,93,85,NPK,Fungicides
0,1,2,38,33,86,NPK,Fungicides
2,4,1,66,17,83,Compost,Herbicides
0,3,2,33,16,39,Compost,Fungicides
2,4,0,23,3,41,Compost,Insecticides
3,4,2,24,5,3,NPK,Fungicides
1,2,1,14,24,45,Urea,Herbicides
2,4,2,5,84,8,Compost,Fungicides
1,1,0,89,36,13,Urea,Insecticides
1,1,0,22,17,21,Compost,Insecticides
2,3,2,33,19,65,Organic,Fungicides
3,1,2,88,60,18,Compost,Fungicides
0,0,0,20,27,66,Organic,Insecticides
0,1,2,16,46,62,Organic,Fungicides
3,4,1,68,25,19,Organic,Herbicides
3,4,2,3,60,29,NPK,Fungicides
3,0,2,89,38,36,NPK,Fungicides
2,1,1,0,55,66,Compost,Herbicides
3,4,1,29,99,24,Urea,Herbicides
4,3,0,85,78,53,Compost,Insecticides
3,0,1,65,61,0,NPK,Herbicides
0,1,2,7,80,5,Organic,Fungicides
2,1,0,87,47,79,NPK,Insecticides
2,0,2,25,48,23,NPK,Fungicides
0,2,0,61,10,97,Compost,Insecticides
2,1,0,14,18,65,NPK,Insecticides
3,2,2,84,15,57,Urea,Fungicides
0,4,0,84,32,28,Urea,Insecticides
1,1,0,51,76,71,NPK,Insecticides
4,1,0,69,10,26,Urea,Insecticides
1,4,0,35,3,99,Urea,Insecticides
0,1,0,72,46,66,Urea,Insecticides
1,1,2,9,71,48,Compost,Fungicides
2,2,2,97,35,41,Urea,Fungicides
2,4,1,73,3,53,NPK,Herbicides
1,2,0,72,9,57,Organic,Insecticides
4,2,2,65,24,50,Organic,Fungicides
1,3,0,51,16,47,Organic,Insecticides
1,1,0,44,74,75,Urea,Insecticides
4,2,0,79,6,27,Organic,Insecticides
2,3,1,71,52,85,Organic,Herbicides
3,3,1,46,53,79,Organic,Herbicides
2,3,2,38,52,97,Compost,Fungicides
3,3,1,86,96,73,NPK,Herbicides
1,2,1,55,86,74,NPK,Herbicides
3,2,1,57,8,63,Compost,Herbicides
4,1,0,82,57,37,Organic,Insecticides
4,0,1,36,22,67,Organic,Herbicides
0,1,1,20,50,22,Urea,Herbicides
3,0,2,60,24,84,Urea,Fungicides
1,0,1,16,27,14,Compost,Herbicides
2,3,2,2,54,57,NPK,Fungicides
3,2,2,53,74,86,Compost,Fungicides
1,4,1,51,57,83,NPK,Herbicides
3,1,0,0,85,17,Organic,Insecticides
0,1,1,83,73,66,Compost,Herbicides
0,4,1,18,15,70,Urea,Herbicides
0,2,2,99,17,18,NPK,Fungicides
4,0,2,9,86,3,Compost,Fungicides
4,4,2,56,15,5,NPK,Fungicides
2,1,2,28,24,80,Compost,Fungicides
2,1,0,64,66,96,NPK,Insecticides
2,3,2,25,88,90,Compost,Fungicides
3,1,2,38,60,40,Urea,Fungicides
0,0,0,45,15,58,Compost,Insecticides
2,2,0,10,3,13,Organic,Insecticides
0,1,1,13,84,83,Urea,Herbicides
0,4,2,97,37,19,Compost,Fungicides
0,2,2,99,81,78,Organic,Fungicides
4,0,1,83,43,61,Organic,Herbicides
4,3,0,89,34,29,Organic,Insecticides
1,2,1,89,86,5,Urea,Herbicides
0,0,1,19,70,6,Organic,Herbicides
3,3,0,67,36,67,NPK,Insecticides
1,2,2,59,54,17,NPK,Fungicides
3,0,2,70,77,38,Organic,Fungicides
1,3,2,67,45,88,Organic,Fungicides
3,0,2,8,89,1,Compost,Fungicides
3,1,0,87,58,65,Urea,Insecticides
4,1,2,28,46,29,NPK,Fungicides
0,2,1,44,43,31,Organic,Herbicides
4,4,2,41,69,74,NPK,Fungicides
3,2,1,19,16,17,Compost,Herbicides
2,2,2,81,5,19,NPK,Fungicides
3,4,0,76,53,30,Urea,Insecticides
2,3,2,91,57,45,Compost,Fungicides
2,1,0,97,55,84,Urea,Insecticides
4,4,0,62,44,12,NPK,Insecticides
2,2,1,46,83,30,Compost,Herbicides
0,4,0,33,80,82,Organic,Insecticides
3,1,0,25,42,78,Compost,Insecticides
3,3,2,63,7,60,Compost,Fungicides
4,3,1,98,18,54,Urea,Herbicides
4,4,2,81,77,94,Organic,Fungicides
3,0,2,24,59,85,Organic,Fungicides
3,1,2,39,39,17,Compost,Fungicides
0,3,2,45,41,28,Organic,Fungicides
1,2,0,37,29,65,Organic,Insecticides
3,3,2,6,24,53,NPK,Fungicides
2,0,1,30,60,57,Urea,Herbicides
4,1,0,83,91,86,Compost,Insecticides
1,0,2,35,48,62,Compost,Fungicides
3,0,0,86,0,12,Organic,Insecticides
1,1,2,30,11,67,Compost,Fungicides
0,2,1,87,17,94,NPK,Herbicides
0,3,1,42,16,26,Organic,Herbicides
4,2,2,27,27,11,Organic,Fungicides
3,0,0,9,10,97,Organic,Insecticides
3,4,0,65,19,72,NPK,Insecticides
4,3,2,27,53,78,NPK,Fungicides
1,4,1,25,27,79,NPK,Herbicides
0,1,2,25,76,35,Organic,Fungicides
4,2,0,56,78,68,NPK,Insecticides
3,0,1,58,37,45,Compost,Herbicides
0,4,0,14,46,9,NPK,Insecticides
4,3,0,58,84,57,NPK,Insecticides
4,1,1,86,66,24,Compost,Herbicides
3,4,0,40,3,90,NPK,Insecticides
3,4,0,12,77,91,NPK,Insecticides
0,3,0,64,3,96,Urea,Insecticides
0,4,2,19,38,3,Organic,Fungicides
2,4,0,79,74,56,NPK,Insecticides
3,3,1,77,21,78,Urea,Herbicides
3,0,0,51,76,23,Urea,Insecticides
4,2,0,19,37,50,Urea,Insecticides
1,2,2,82,78,99,NPK,Fungicides
2,2,2,37,46,54,Urea,Fungicides
2,1,1,14,63,58,Organic,Herbicides
2,2,0,61,71,75,NPK,Insecticides
1,4,0,60,66,14,Organic,Insecticides
3,1,2,76,58,47,Organic,Fungicides
4,2,1,82,78,55,Compost,Herbicides
3,2,1,57,74,88,NPK,Herbicides
3,2,0,93,74,3,Compost,Insecticides
0,3,2,18,66,74,Urea,Fungicides
4,0,2,51,80,11,Urea,Fungicides
4,3,1,12,60,55,Compost,Herbicides
3,4,2,96,6,98,Compost,Fungicides
2,0,1,40,36,32,Compost,Herbicides
3,4,1,38,33,8,Organic,Herbicides
1,4,0,47,46,33,Compost,Insecticides
2,2,2,83,5,41,Urea,Fungicides
3,3,0,81,93,37,Organic,Insecticides
2,1,0,56,46,64,NPK,Insecticides
4,4,2,35,78,52,NPK,Fungicides
4,0,0,41,68,70,NPK,Insecticides
1,3,1,18,19,44,Urea,Herbicides
3,4,0,23,86,25,Compost,Insecticides
1,4,2,78,95,56,Compost,Fungicides
4,3,0,28,32,89,Compost,Insecticides
2,0,1,74,55,97,Compost,Herbicides
1,2,1,17,19,42,NPK,Herbicides
1,3,0,95,20,77,Organic,Insecticides
2,4,0,10,77,43,Compost,Insecticides
1,0,1,24,33,18,Organic,Herbicides
4,2,1,57,80,71,Organic,Herbicides
1,3,1,94,93,99,Compost,Herbicides
2,0,0,46,46,36,Organic,Insecticides
2,0,2,61,19,31,Organic,Fungicides
1,3,2,67,62,56,Urea,Fungicides
4,4,1,37,64,80,Organic,Herbicides
3,0,0,13,11,3,Compost,Insecticides
0,3,0,89,25,21,Organic,Insecticides
1,2,0,35,53,79,Urea,Insecticides
2,3,1,32,89,52,Urea,Herbicides
4,2,0,24,84,42,Urea,Insecticides
3,2,0,35,71,74,Urea,Insecticides
3,0,1,0,16,17,NPK,Herbicides
3,2,1,68,41,65,Urea,Herbicides
3,4,2,59,11,5,Urea,Fungicides
0,2,0,19,65,16,Organic,Insecticides
3,2,2,92,8,52,Compost,Fungicides
2,0,2,87,29,6,Compost,Fungicides
2,4,1,69,5,55,Organic,Herbicides
1,3,0,39,33,20,NPK,Insecticides
2,4,1,15,0,49,NPK,Herbicides
2,1,1,6,66,44,Compost,Herbicides
0,4,0,53,24,1,NPK,Insecticides
2,1,1,60,8,56,Compost,Herbicides
0,0,1,3,60,7,Organic,Herbicides
3,3,0,98,4,9,Compost,Insecticides
1,1,1,31,9,33,Organic,Herbicides
0,1,2,15,12,74,Organic,Fungicides
1,2,2,78,2,23,Urea,Fungicides
4,2,1,32,72,51,Compost,Herbicides
4,4,0,55,27,79,NPK,Insecticides
4,0,1,49,43,75,NPK,Herbicides
3,0,1,22,86,84,Urea,Herbicides
4,1,2,10,16,50,Organic,Fungicides
3,1,1,26,26,12,Organic,Herbicides
3,3,2,77,2,30,Urea,Fungicides
2,1,2,49,87,49,Organic,Fungicides
2,4,1,90,74,84,NPK,Herbicides
1,0,1,64,52,6,Compost,Herbicides
3,1,1,1,51,11,NPK,Herbicides
4,0,0,49,42,66,NPK,Insecticides
2,1,2,90,92,93,Urea,Fungicides
0,2,0,63,10,93,NPK,Insecticides
4,1,0,32,98,81,NPK,Insecticides
2,4,0,52,27,3,Organic,Insecticides
4,3,2,38,82,61,Urea,Fungicides
1,0,1,16,75,28,NPK,Herbicides
1,2,0,49,90,53,Urea,Insecticides
4,3,1,14,95,99,Urea,Herbicides
2,0,2,40,61,10,NPK,Fungicides
4,3,2,69,57,34,Organic,Fungicides
4,2,0,11,87,19,Organic,Insecticides
4,3,2,44,27,45,Compost,Fungicides
4,1,2,19,37,93,Compost,Fungicides
4,2,2,63,91,81,NPK,Fungicides
3,4,2,45,29,35,Organic,Fungicides
4,1,2,14,4,6,Urea,Fungicides
3,4,1,66,29,92,Compost,Herbicides
1,4,0,3,40,91,NPK,Insecticides
2,1,1,99,81,48,NPK,Herbicides
1,4,1,25,15,62,NPK,Herbicides
1,2,0,54,15,43,Organic,Insecticides
4,1,1,77,50,88,Compost,Herbicides
0,4,0,59,7,67,Organic,Insecticides
1,2,1,89,70,15,Compost,Herbicides
4,2,1,37,74,52,Compost,Herbicides
1,1,2,72,43,13,Organic,Fungicides
2,4,1,31,49,64,NPK,Herbicides
2,2,1,59,15,19,Organic,Herbicides
2,0,1,54,96,86,Compost,Herbicides
4,1,0,89,54,75,Organic,Insecticides
4,2,0,47,33,55,Compost,Insecticides
0,4,2,23,99,6,Urea,Fungicides
0,0,2,10,75,5,Urea,Fungicides
1,3,1,5,44,59,Compost,Herbicides
3,4,0,83,34,91,NPK,Insecticides
2,0,1,20,35,83,Compost,Herbicides
2,3,0,21,62,62,Compost,Insecticides
4,0,0,4,88,1,Compost,Insecticides
0,0,2,38,86,1,Compost,Fungicides
4,2,0,49,99,75,Compost,Insecticides
1,0,0,1,22,45,Urea,Insecticides
4,1,2,29,59,49,Compost,Fungicides
2,0,2,45,37,76,Organic,Fungicides
0,0,2,22,75,0,NPK,Fungicides
2,0,1,49,76,69,Compost,Herbicides
0,0,0,23,14,24,Urea,Insecticides
0,2,0,14,45,21,Compost,Insecticides
3,1,1,87,38,69,Organic,Herbicides
3,3,2,14,5,7,Compost,Fungicides
2,3,1,16,13,25,NPK,Herbicides
1,3,2,96,55,62,Urea,Fungicides
1,4,1,9,88,53,Urea,Herbicides
1,0,1,28,59,73,Urea,Herbicides
0,0,0,9,19,83,NPK,Insecticides
3,4,0,46,39,2,Urea,Insecticides
2,2,0,5,86,62,Organic,Insecticides
1,4,2,24,38,65,Organic,Fungicides
0,4,0,0,93,90,NPK,Insecticides
4,1,2,50,81,46,Compost,Fungicides
4,4,0,7,89,12,NPK,Insecticides
4,0,1,53,78,71,Urea,Herbicides
0,1,2,62,23,7,Urea,Fungicides
4,1,0,39,45,56,Compost,Insecticides
4,2,1,38,97,80,Compost,Herbicides
4,3,2,89,4,62,Compost,Fungicides
1,4,0,82,44,6,Organic,Insecticides
2,2,2,23,91,61,Compost,Fungicides
1,0,0,42,52,75,Organic,Insecticides
1,3,2,3,50,99,NPK,Fungicides
2,1,2,29,99,88,NPK,Fungicides
3,0,1,22,50,92,NPK,Herbicides
1,1,2,33,8,70,Compost,Fungicides
4,3,1,73,85,12,Urea,Herbicides
4,4,0,47,72,92,Compost,Insecticides
4,0,1,10,96,96,Urea,Herbicides
2,3,2,6,38,8,Urea,Fungicides
1,2,1,22,8,81,Urea,Herbicides
2,0,2,65,89,39,NPK,Fungicides
0,1,2,91,50,58,Compost,Fungicides
3,3,2,26,42,45,Organic,Fungicides
2,1,1,45,73,2,Urea,Herbicides
3,0,1,66,58,24,Organic,Herbicides
2,1,2,2,49,31,NPK,Fungicides
1,0,0,49,1,42,NPK,Insecticides
1,1,2,46,14,22,Urea,Fungicides
2,1,1,30,91,61,Compost,Herbicides
0,3,2,97,59,52,Urea,Fungicides
0,3,2,14,46,51,Organic,Fungicides
3,4,0,78,0,20,NPK,Insecticides
3,0,0,39,1,78,NPK,Insecticides
4,1,2,74,86,37,Compost,Fungicides
3,4,1,69,13,0,Organic,Herbicides
4,3,1,36,31,9,NPK,Herbicides
1,0,2,21,14,19,Compost,Fungicides
2,1,1,42,87,73,Compost,Herbicides
2,4,2,56,37,33,Organic,Fungicides
0,3,0,49,5,88,Compost,Insecticides
0,2,1,62,9,99,NPK,Herbicides
0,1,1,13,15,58,Compost,Herbicides
4,3,1,65,5,81,Urea,Herbicides
2,0,0,53,53,29,Organic,Insecticides
1,1,1,71,40,13,Organic,Herbicides
1,3,2,3,15,95,Compost,Fungicides
2,4,1,93,4,39,Urea,Herbicides
4,3,1,77,31,16,NPK,Herbicides
0,2,0,61,19,58,Organic,Insecticides
2,4,1,56,33,8,Organic,Herbicides
3,2,2,27,23,19,Urea,Fungicides
4,3,1,24,47,64,NPK,Herbicides
3,4,2,69,65,90,NPK,Fungicides
0,1,1,20,77,87,Organic,Herbicides
1,2,0,23,47,13,Organic,Insecticides
1,4,2,75,4,83,Urea,Fungicides
3,3,0,94,58,41,NPK,Insecticides
0,4,0,97,81,33,Organic,Insecticides
4,0,0,12,37,27,Organic,Insecticides
3,2,0,51,69,7,Organic,Insecticides
0,2,2,2,8,98,Compost,Fungicides
2,0,1,78,77,36,NPK,Herbicides
1,4,1,48,34,92,Compost,Herbicides
4,1,0,25,93,66,NPK,Insecticides
4,2,0,54,49,80,NPK,Insecticides
1,4,0,0,64,27,Urea,Insecticides
2,0,0,46,9,49,NPK,Insecticides
4,3,0,87,33,0,NPK,Insecticides
3,2,1,48,84,92,Urea,Herbicides
0,3,1,78,67,91,NPK,Herbicides
0,3,2,37,24,62,Compost,Fungicides
3,2,2,9,50,8,NPK,Fungicides
0,0,2,34,77,78,NPK,Fungicides
3,2,2,23,87,23,Organic,Fungicides
4,4,2,96,25,61,Urea,Fungicides
1,0,1,34,52,25,Organic,Herbicides
1,3,0,31,8,12,Urea,Insecticides
3,0,2,34,61,42,Urea,Fungicides
4,0,0,10,74,25,Organic,Insecticides
0,4,1,5,67,21,NPK,Herbicides
1,3,1,9,3,91,Urea,Herbicides
0,2,1,66,91,76,Compost,Herbicides
2,0,0,29,74,76,Compost,Insecticides
0,0,2,24,62,48,NPK,Fungicides
4,2,2,71,89,54,Urea,Fungicides
0,2,0,54,21,33,Urea,Insecticides
0,2,1,5,53,38,Compost,Herbicides
1,2,1,64,23,27,Compost,Herbicides
2,4,0,5,80,52,Organic,Insecticides
2,2,1,98,37,22,Organic,Herbicides
4,2,0,11,64,34,Urea,Insecticides
4,1,1,96,55,74,Compost,Herbicides
3,1,1,67,76,67,NPK,Herbicides
4,4,2,41,54,45,Urea,Fungicides
3,2,2,33,62,43,Organic,Fungicides
3,0,2,78,51,45,Compost,Fungicides
4,3,2,51,90,29,NPK,Fungicides
0,4,1,65,66,92,Urea,Herbicides
3,1,0,31,14,80,NPK,Insecticides
2,2,2,74,12,30,Urea,Fungicides
1,3,2,16,99,29,NPK,Fungicides
2,0,0,6,8,8,NPK,Insecticides
1,4,1,88,55,21,Urea,Herbicides
4,1,0,76,8,6,Urea,Insecticides
4,2,2,46,30,80,Urea,Fungicides
4,3,1,90,18,19,Urea,Herbicides
2,1,1,80,73,76,Organic,Herbicides
4,3,1,98,52,64,Organic,Herbicides
2,3,0,34,23,58,NPK,Insecticides
1,2,1,47,65,11,Organic,Herbicides
3,3,0,54,23,11,NPK,Insecticides
0,2,0,95,63,84,Organic,Insecticides
1,3,0,91,31,61,NPK,Insecticides
1,3,2,35,1,41,NPK,Fungicides
4,2,2,87,78,53,Compost,Fungicides
4,3,2,35,77,17,NPK,Fungicides
3,3,2,95,10,55,NPK,Fungicides
2,0,0,76,55,83,Urea,Insecticides
0,0,1,25,85,86,Compost,Herbicides
3,3,2,14,39,49,Urea,Fungicides
1,0,0,48,29,60,NPK,Insecticides
1,0,0,87,49,60,Urea,Insecticides
0,4,0,96,91,80,Urea,Insecticides
3,2,2,46,41,46,NPK,Fungicides
1,0,2,34,37,29,Compost,Fungicides
4,1,1,17,27,42,Compost,Herbicides
2,0,1,4,66,32,Compost,Herbicides
2,0,1,58,2,33,Urea,Herbicides
0,3,1,8,45,75,Organic,Herbicides
2,3,2,10,76,20,Organic,Fungicides
4,4,1,82,3,20,Urea,Herbicides
3,4,1,99,37,54,Organic,Herbicides
1,3,1,29,98,55,Urea,Herbicides
